grade,n_loans,observed_default_rate,predicted_pd,ratio,calibration_status
A,515,0.04466019417475728,0.055359883777213244,1.239580006315862,Fail
B,572,0.013986013986013986,0.13241089578080878,9.467379048327828,Fail
C,561,0.0142602495543672,0.20830158759268833,14.60714882993727,Fail
D,412,0.0048543689320388345,0.28874952394907333,59.48240193350911,Fail
E,137,0.0,0.3355143955471458,,Fail
G,1,0.0,0.4040078833175782,,Fail
